{
  "oldParams": true,
  "wave_type": 3,
  "p_env_attack": 0,
  "p_env_sustain": 0.2370287484816686,
  "p_env_punch": 0.6297081649175769,
  "p_env_decay": 0.2873055442857496,
  "p_base_freq": 0.044204682336770766,
  "p_freq_limit": 0,
  "p_freq_ramp": -0.3264781459697417,
  "p_freq_dramp": 0,
  "p_vib_strength": 0.2676652676984615,
  "p_vib_speed": 0.2070936997442632,
  "p_arp_mod": 0,
  "p_arp_speed": 0,
  "p_duty": 0,
  "p_duty_ramp": 0,
  "p_repeat_speed": 0,
  "p_pha_offset": -0.19082698184271182,
  "p_pha_ramp": -0.1631091501063889,
  "p_lpf_freq": 1,
  "p_lpf_ramp": 0,
  "p_lpf_resonance": 0,
  "p_hpf_freq": 0,
  "p_hpf_ramp": 0,
  "sound_vol": 0.25,
  "sample_rate": 22050,
  "sample_size": 8,
  "ctime": 1782743983420,
  "mtime": 1782744136451,
  "preset": "explosion"
}