{
  "oldParams": true,
  "wave_type": 1,
  "p_env_attack": 0,
  "p_env_sustain": 0.043144811250496407,
  "p_env_punch": 0.4016824708128677,
  "p_env_decay": 0.36736468235709707,
  "p_base_freq": 0.41938817512729537,
  "p_freq_limit": 0,
  "p_freq_ramp": 0,
  "p_freq_dramp": 0,
  "p_vib_strength": 0,
  "p_vib_speed": 0,
  "p_arp_mod": 0.3737160570319267,
  "p_arp_speed": 0.6945574889403645,
  "p_duty": 0,
  "p_duty_ramp": 0,
  "p_repeat_speed": 0,
  "p_pha_offset": 0,
  "p_pha_ramp": 0,
  "p_lpf_freq": 1,
  "p_lpf_ramp": 0,
  "p_lpf_resonance": 0,
  "p_hpf_freq": 0,
  "p_hpf_ramp": 0,
  "sound_vol": 0.25,
  "sample_rate": 22050,
  "sample_size": 8,
  "ctime": 1782743769123,
  "mtime": 1782743779825,
  "preset": "pickupCoin"
}