{
  "oldParams": true,
  "wave_type": 3,
  "p_env_attack": 0,
  "p_env_sustain": 0.3119480787913124,
  "p_env_punch": 0.26264142330881446,
  "p_env_decay": 0.32028713055826064,
  "p_base_freq": 0.046525047801548244,
  "p_freq_limit": 0,
  "p_freq_ramp": -0.06598447790189216,
  "p_freq_dramp": 0,
  "p_vib_strength": 0.472287191323207,
  "p_vib_speed": 0.45124741005144337,
  "p_arp_mod": -0.03913562373911916,
  "p_arp_speed": 0.645557180061695,
  "p_duty": 0,
  "p_duty_ramp": 0,
  "p_repeat_speed": 0.6437758166418144,
  "p_pha_offset": 0,
  "p_pha_ramp": 0,
  "p_lpf_freq": 1,
  "p_lpf_ramp": 0,
  "p_lpf_resonance": 0,
  "p_hpf_freq": 0,
  "p_hpf_ramp": 0,
  "sound_vol": 0.25,
  "sample_rate": 22050,
  "sample_size": 8
}